Metric,Mean,Median,Std Dev,Min,Max
FID,21.833475,23.6852,5.264919119647382,8.8038,23.7836
MMD,3.2565625000000002,3.5068,0.7117972663566903,1.495,3.5204
ESM PPPL,31.4575375,1.0043,86.13468216921247,1.0042,244.63
pLDDT,58.1875,61.83,9.189998834136409,35.6,61.97
